file,rank,group_name,group_id,score,matched_exact,matched_root_only
Ahnlab-Dalbit-m00nlight-Chinese-APT-Campaign-02-13-2023-f8464b2e,1,APT32,G0050,26,"T1003, T1018, T1046, T1047, T1059, T1068, T1570","T1003.001, T1021.002, T1053.005, T1059.001, T1059.003, T1059.005, T1059.007, T1070.001, T1070.004, T1070.006, T1505.003, T1569.002"
Ahnlab-Dalbit-m00nlight-Chinese-APT-Campaign-02-13-2023-f8464b2e,2,BlackByte,G1043,26,"T1003, T1018, T1046, T1047, T1068, T1562, T1570","T1021.001, T1021.002, T1053.005, T1059.001, T1059.003, T1070.004, T1134.003, T1136.002, T1505.003, T1562.001, T1562.004, T1569.002"
Ahnlab-Dalbit-m00nlight-Chinese-APT-Campaign-02-13-2023-f8464b2e,3,Magic Hound,G0059,25,"T1018, T1046, T1047, T1562, T1570","T1003.001, T1021.001, T1053.005, T1059.001, T1059.003, T1059.005, T1070.003, T1070.004, T1098.002, T1098.007, T1136.001, T1505.003, T1562.001, T1562.002, T1562.004"
Ahnlab-Dalbit-m00nlight-Chinese-APT-Campaign-02-13-2023-f8464b2e,4,APT41,G0096,24,"T1018, T1046, T1047, T1570","T1003.001, T1003.002, T1003.003, T1021.001, T1021.002, T1053.005, T1059.001, T1059.003, T1059.004, T1070.001, T1070.003, T1070.004, T1098.007, T1136.001, T1562.006, T1569.002"
Ahnlab-Dalbit-m00nlight-Chinese-APT-Campaign-02-13-2023-f8464b2e,5,FIN6,G0037,22,"T1018, T1046, T1047, T1059, T1068, T1134","T1003.001, T1003.003, T1021.001, T1053.005, T1059.001, T1059.003, T1059.007, T1070.004, T1562.001, T1569.002"
Ahnlab-Dalbit-m00nlight-Chinese-APT-Campaign-02-13-2023-f8464b2e,6,Wizard Spider,G0102,22,"T1018, T1021, T1047, T1570","T1003.001, T1003.002, T1003.003, T1021.001, T1021.002, T1021.006, T1053.005, T1059.001, T1059.003, T1070.004, T1136.001, T1136.002, T1562.001, T1569.002"
Ahnlab-Dalbit-m00nlight-Chinese-APT-Campaign-02-13-2023-f8464b2e,7,APT39,G0087,21,"T1003, T1018, T1046, T1059","T1003.001, T1021.001, T1021.002, T1021.004, T1053.005, T1059.001, T1059.005, T1059.006, T1059.010, T1070.004, T1136.001, T1505.003, T1569.002"
Ahnlab-Dalbit-m00nlight-Chinese-APT-Campaign-02-13-2023-f8464b2e,8,Lazarus Group,G0032,21,"T1046, T1047, T1070, T1098","T1021.001, T1021.002, T1021.004, T1053.005, T1059.001, T1059.003, T1059.005, T1070.003, T1070.004, T1070.006, T1134.002, T1562.001, T1562.004"
Ahnlab-Dalbit-m00nlight-Chinese-APT-Campaign-02-13-2023-f8464b2e,9,Ember Bear,G1003,20,"T1003, T1018, T1021, T1046, T1047, T1570","T1003.001, T1003.002, T1003.004, T1053.005, T1059.001, T1070.004, T1505.003, T1562.001"
Ahnlab-Dalbit-m00nlight-Chinese-APT-Campaign-02-13-2023-f8464b2e,10,Volt Typhoon,G1017,20,"T1018, T1046, T1047, T1068, T1570","T1003.001, T1003.003, T1021.001, T1059.001, T1059.003, T1059.004, T1070.001, T1070.004, T1070.007, T1505.003"
Ahnlab-Lazarus-using-public-certificate-vulnerability-02-27-2023-9f0ac45d,1,Lazarus Group,G0032,26,"T1046, T1059.003, T1070, T1070.004, T1070.006, T1071.001, T1203, T1562.001, T1587.001, T1588.002","T1059.001, T1059.005, T1070.003, T1102.002, T1562.004, T1588.004"
Ahnlab-Lazarus-using-public-certificate-vulnerability-02-27-2023-9f0ac45d,2,Kimsuky,G0094,26,"T1059.003, T1070.004, T1070.006, T1071.001, T1562.001, T1587.001, T1588.002","T1059.001, T1059.005, T1059.006, T1059.007, T1071.002, T1071.003, T1102.001, T1102.002, T1562.004, T1587, T1588.003, T1588.005"
Ahnlab-Lazarus-using-public-certificate-vulnerability-02-27-2023-9f0ac45d,3,APT32,G0050,24,"T1046, T1059.003, T1068, T1070.004, T1070.006, T1071.001, T1102, T1203, T1588.002","T1059, T1059.001, T1059.005, T1059.007, T1070.001, T1071.003"
Ahnlab-Lazarus-using-public-certificate-vulnerability-02-27-2023-9f0ac45d,4,OilRig,G0049,22,"T1046, T1059.003, T1068, T1070.004, T1071.001, T1203, T1587.001, T1588.002","T1059, T1059.001, T1059.005, T1071.004, T1562.004, T1588.003"
Ahnlab-Lazarus-using-public-certificate-vulnerability-02-27-2023-9f0ac45d,5,Turla,G0010,21,"T1059.003, T1068, T1071.001, T1102, T1562.001, T1587.001, T1588.002","T1059.001, T1059.005, T1059.006, T1059.007, T1071.003, T1102.002, T1588.001"
Ahnlab-Lazarus-using-public-certificate-vulnerability-02-27-2023-9f0ac45d,6,TeamTNT,G0139,21,"T1046, T1059.003, T1070.004, T1071.001, T1102, T1562.001, T1587.001","T1059.001, T1059.004, T1059.009, T1070.002, T1070.003, T1071, T1562.004"
Ahnlab-Lazarus-using-public-certificate-vulnerability-02-27-2023-9f0ac45d,7,APT28,G0007,20,"T1059.003, T1068, T1070.004, T1070.006, T1071.001, T1203, T1210, T1588.002","T1059.001, T1070.001, T1071.003, T1102.002"
Ahnlab-Lazarus-using-public-certificate-vulnerability-02-27-2023-9f0ac45d,8,Threat Group-3390,G0027,20,"T1046, T1059.003, T1068, T1070.004, T1071.001, T1203, T1210, T1588.002","T1059.001, T1070.005, T1562.002, T1588.003"
Ahnlab-Lazarus-using-public-certificate-vulnerability-02-27-2023-9f0ac45d,9,Magic Hound,G0059,20,"T1046, T1059.003, T1070.004, T1071.001, T1562.001, T1588.002","T1059.001, T1059.005, T1070.003, T1071, T1102.002, T1562, T1562.002, T1562.004"
Ahnlab-Lazarus-using-public-certificate-vulnerability-02-27-2023-9f0ac45d,10,APT41,G0096,20,"T1046, T1059.003, T1070.004, T1071.001, T1203, T1588.002","T1059.001, T1059.004, T1070.001, T1070.003, T1071.002, T1071.004, T1102.001, T1562.006"
Blackberry-AeroBlade-Targeting-US-Aerospace-Industry-11-30-2023-ef854d3a,1,MuddyWater,G0069,46,"T1016, T1033, T1036.005, T1041, T1053.005, T1059.003, T1059.005, T1071.001, T1082, T1083, T1105, T1137.001, T1140, T1203, T1204.002, T1559.001, T1559.002, T1566.001, T1573.001","T1027.003, T1027.004, T1027.010, T1059.001, T1059.006, T1059.007, T1204.001, T1566.002"
Blackberry-AeroBlade-Targeting-US-Aerospace-Industry-11-30-2023-ef854d3a,2,Gamaredon Group,G0047,43,"T1001, T1027, T1033, T1036.005, T1041, T1053.005, T1059.003, T1059.005, T1071.001, T1082, T1083, T1105, T1106, T1140, T1204.002, T1221, T1559.001, T1566.001","T1016.001, T1027.004, T1027.010, T1027.016, T1059.001, T1137, T1204.001"
Blackberry-AeroBlade-Targeting-US-Aerospace-Industry-11-30-2023-ef854d3a,3,Lazarus Group,G0032,43,"T1016, T1033, T1036.005, T1041, T1053.005, T1059.003, T1059.005, T1071.001, T1082, T1083, T1105, T1106, T1140, T1203, T1204.002, T1566.001, T1573.001","T1001.003, T1027.007, T1027.009, T1027.013, T1036.003, T1036.004, T1059.001, T1566.002, T1566.003"
Blackberry-AeroBlade-Targeting-US-Aerospace-Industry-11-30-2023-ef854d3a,4,APT32,G0050,42,"T1016, T1033, T1036.005, T1041, T1053.005, T1059.003, T1059.005, T1071.001, T1082, T1083, T1105, T1203, T1204.002, T1566.001","T1027.010, T1027.011, T1027.013, T1027.016, T1036, T1036.003, T1036.004, T1059, T1059.001, T1059.007, T1071.003, T1137, T1204.001, T1566.002"
Blackberry-AeroBlade-Targeting-US-Aerospace-Industry-11-30-2023-ef854d3a,5,Kimsuky,G0094,38,"T1016, T1027, T1036.005, T1041, T1053.005, T1059.003, T1059.005, T1071.001, T1082, T1083, T1105, T1140, T1204.002, T1566.001","T1027.002, T1036.004, T1059.001, T1059.006, T1059.007, T1071.002, T1071.003, T1204.001, T1566, T1566.002"
Blackberry-AeroBlade-Targeting-US-Aerospace-Industry-11-30-2023-ef854d3a,6,OilRig,G0049,37,"T1016, T1033, T1036.005, T1053.005, T1059.003, T1059.005, T1071.001, T1082, T1105, T1140, T1203, T1204.002, T1566.001","T1027.005, T1027.013, T1036, T1059, T1059.001, T1071.004, T1137.004, T1204.001, T1566.002, T1566.003, T1573.002"
Blackberry-AeroBlade-Targeting-US-Aerospace-Industry-11-30-2023-ef854d3a,7,Sandworm Team,G0034,35,"T1027, T1033, T1036.005, T1041, T1053.005, T1059.005, T1071.001, T1082, T1083, T1105, T1106, T1140, T1203, T1204.002, T1566.001","T1027.010, T1036, T1059.001, T1204.001, T1566.002"
Blackberry-AeroBlade-Targeting-US-Aerospace-Industry-11-30-2023-ef854d3a,8,Higaisa,G0126,35,"T1016, T1027.001, T1029, T1041, T1053.005, T1059.003, T1059.005, T1071.001, T1082, T1106, T1140, T1203, T1204.002, T1566.001, T1573.001","T1001.003, T1027.013, T1027.015, T1036.004, T1059.007"
Blackberry-AeroBlade-Targeting-US-Aerospace-Industry-11-30-2023-ef854d3a,9,Magic Hound,G0059,34,"T1016, T1033, T1036.005, T1053.005, T1059.003, T1059.005, T1071.001, T1082, T1083, T1105, T1204.002","T1016.001, T1016.002, T1027.010, T1027.013, T1036.004, T1036.010, T1059.001, T1071, T1204.001, T1566.002, T1566.003, T1573"
Blackberry-AeroBlade-Targeting-US-Aerospace-Industry-11-30-2023-ef854d3a,10,Mustang Panda,G0129,33,"T1016, T1027, T1036.005, T1053.005, T1059.003, T1059.005, T1071.001, T1082, T1083, T1105, T1203, T1204.002, T1566.001, T1573.001","T1027.016, T1036.007, T1059.001, T1204.001, T1566.002"
Blackberry-BlindEagle-Fake-UUE-Fsociety-Target-Colombia-02-27-20-669282e9,1,Kimsuky,G0094,23,"T1053.005, T1059.001, T1059.003, T1059.005, T1204.001, T1204.002, T1547.001, T1566.001","T1059.006, T1059.007, T1218.005, T1218.010, T1218.011, T1566, T1566.002"
Blackberry-BlindEagle-Fake-UUE-Fsociety-Target-Colombia-02-27-20-669282e9,2,MuddyWater,G0069,22,"T1053.005, T1059.001, T1059.003, T1059.005, T1204.001, T1204.002, T1547.001, T1566.001","T1059.006, T1059.007, T1218.003, T1218.005, T1218.011, T1566.002"
Blackberry-BlindEagle-Fake-UUE-Fsociety-Target-Colombia-02-27-20-669282e9,3,APT32,G0050,22,"T1053.005, T1059.001, T1059.003, T1059.005, T1204.001, T1204.002, T1547.001, T1566.001","T1059, T1059.007, T1218.005, T1218.010, T1218.011, T1566.002"
Blackberry-BlindEagle-Fake-UUE-Fsociety-Target-Colombia-02-27-20-669282e9,4,FIN7,G0046,21,"T1053.005, T1059.001, T1059.003, T1059.005, T1204.001, T1204.002, T1547.001, T1566.001","T1059, T1059.007, T1218.005, T1218.011, T1566.002"
Blackberry-BlindEagle-Fake-UUE-Fsociety-Target-Colombia-02-27-20-669282e9,5,Cobalt Group,G0080,21,"T1053.005, T1059.001, T1059.003, T1059.005, T1204.001, T1204.002, T1547.001, T1566.001","T1059.007, T1218.003, T1218.008, T1218.010, T1566.002"
Blackberry-BlindEagle-Fake-UUE-Fsociety-Target-Colombia-02-27-20-669282e9,6,Lazarus Group,G0032,20,"T1053.005, T1059.001, T1059.003, T1059.005, T1204.002, T1547.001, T1566.001","T1218, T1218.005, T1218.011, T1547.009, T1566.002, T1566.003"
Blackberry-BlindEagle-Fake-UUE-Fsociety-Target-Colombia-02-27-20-669282e9,7,Mustang Panda,G0129,19,"T1053.005, T1059.001, T1059.003, T1059.005, T1204.001, T1204.002, T1547.001, T1566.001","T1218.004, T1218.005, T1566.002"
Blackberry-BlindEagle-Fake-UUE-Fsociety-Target-Colombia-02-27-20-669282e9,8,RedCurl,G1039,19,"T1053.005, T1059.001, T1059.003, T1059.005, T1204.001, T1204.002, T1547.001, T1566.001","T1059.006, T1218.011, T1566.002"
Blackberry-BlindEagle-Fake-UUE-Fsociety-Target-Colombia-02-27-20-669282e9,9,APT39,G0087,19,"T1053.005, T1059.001, T1059.005, T1204.001, T1204.002, T1547.001, T1566.001","T1059, T1059.006, T1059.010, T1547.009, T1566.002"
Blackberry-BlindEagle-Fake-UUE-Fsociety-Target-Colombia-02-27-20-669282e9,10,APT38,G0082,19,"T1053.005, T1059.001, T1059.003, T1059.005, T1204.001, T1204.002, T1566.001","T1053.003, T1218.001, T1218.005, T1218.007, T1218.011"
CISA-AA22-011A-TLP-WHITE-01-10-22-v1-01-11-2022-61a5eb27,1,APT28,G0007,25,"T1003.003, T1059.003, T1078, T1090.003, T1110.001, T1110.003, T1190, T1595.002, T1598","T1003, T1003.001, T1059.001, T1078.004, T1090.002, T1110, T1598.003"
CISA-AA22-011A-TLP-WHITE-01-10-22-v1-01-11-2022-61a5eb27,2,APT29,G0016,24,"T1078, T1090.003, T1110.001, T1110.003, T1190, T1587.001, T1595.002","T1003.002, T1003.004, T1059.001, T1059.006, T1059.009, T1078.003, T1078.004, T1090.002, T1090.004, T1587.003"
CISA-AA22-011A-TLP-WHITE-01-10-22-v1-01-11-2022-61a5eb27,3,Volt Typhoon,G1017,23,"T1003.003, T1059.003, T1078, T1090.003, T1190, T1552.004, T1555","T1003.001, T1059.001, T1059.004, T1078.002, T1090, T1090.001, T1552, T1555.003, T1587.004"
CISA-AA22-011A-TLP-WHITE-01-10-22-v1-01-11-2022-61a5eb27,4,APT41,G0096,22,"T1003.003, T1059.003, T1078, T1190, T1195.002, T1555, T1595.002","T1003.001, T1003.002, T1059.001, T1059.004, T1090, T1110, T1555.003, T1595.003"
CISA-AA22-011A-TLP-WHITE-01-10-22-v1-01-11-2022-61a5eb27,5,Dragonfly,G0035,21,"T1003.003, T1059.003, T1078, T1190, T1195.002, T1595.002","T1003.002, T1003.004, T1059, T1059.001, T1059.006, T1110, T1110.002, T1598.002, T1598.003"
CISA-AA22-011A-TLP-WHITE-01-10-22-v1-01-11-2022-61a5eb27,6,Sandworm Team,G0034,20,"T1003.003, T1078, T1190, T1195.002, T1587.001, T1595.002","T1003.001, T1059.001, T1059.005, T1078.002, T1090, T1195, T1555.003, T1598.003"
CISA-AA22-011A-TLP-WHITE-01-10-22-v1-01-11-2022-61a5eb27,7,OilRig,G0049,20,"T1059.003, T1078, T1555, T1587.001","T1003.001, T1003.004, T1003.005, T1059, T1059.001, T1059.005, T1078.002, T1110, T1195, T1552.001, T1555.003, T1555.004"
CISA-AA22-011A-TLP-WHITE-01-10-22-v1-01-11-2022-61a5eb27,8,Ember Bear,G1003,18,"T1090.003, T1110.003, T1190, T1595.002","T1003, T1003.001, T1003.002, T1003.004, T1059.001, T1078.001, T1110, T1195, T1552.001, T1595.001"
CISA-AA22-011A-TLP-WHITE-01-10-22-v1-01-11-2022-61a5eb27,9,Kimsuky,G0094,18,"T1059.003, T1190, T1587.001, T1598","T1003.001, T1059.001, T1059.005, T1059.006, T1059.007, T1078.003, T1552.001, T1555.003, T1587, T1598.003"
CISA-AA22-011A-TLP-WHITE-01-10-22-v1-01-11-2022-61a5eb27,10,FIN7,G0046,17,"T1059.003, T1078, T1190, T1195.002, T1558.003, T1587.001","T1059, T1059.001, T1059.005, T1059.007, T1078.003"
CISA-aa23-347a-russian-foreign-intelligence-service-svr-exploiti-44318107,1,APT32,G0050,45,"T1003, T1003.001, T1033, T1036, T1041, T1046, T1047, T1049, T1053.005, T1055, T1059.001, T1059.003, T1068, T1203, T1564.001","T1027.010, T1027.011, T1027.013, T1027.016, T1036.003, T1036.004, T1036.005, T1059, T1059.005, T1059.007, T1505.003, T1547.001, T1564.003, T1564.004, T1574.001"
CISA-aa23-347a-russian-foreign-intelligence-service-svr-exploiti-44318107,2,Magic Hound,G0059,43,"T1003.001, T1033, T1046, T1047, T1049, T1053.005, T1057, T1059.001, T1059.003, T1190, T1562.001, T1567, T1572, T1592.002","T1027.010, T1027.013, T1036.004, T1036.005, T1036.010, T1059.005, T1098.002, T1098.007, T1505.003, T1547.001, T1562, T1562.002, T1562.004, T1564.003, T1590.005"
CISA-aa23-347a-russian-foreign-intelligence-service-svr-exploiti-44318107,3,MuddyWater,G0069,40,"T1003.001, T1033, T1041, T1047, T1049, T1053.005, T1057, T1059.001, T1059.003, T1190, T1203, T1210, T1555.003, T1562.001","T1003.004, T1003.005, T1027.003, T1027.004, T1027.010, T1036.005, T1059.005, T1059.006, T1059.007, T1547.001, T1555, T1574.001"
CISA-aa23-347a-russian-foreign-intelligence-service-svr-exploiti-44318107,4,OilRig,G0049,39,"T1003.001, T1033, T1036, T1046, T1047, T1049, T1053.005, T1057, T1059.001, T1059.003, T1068, T1203, T1555.003, T1572","T1003.004, T1003.005, T1027.005, T1027.013, T1036.005, T1059, T1059.005, T1505.003, T1555, T1555.004, T1562.004"
CISA-aa23-347a-russian-foreign-intelligence-service-svr-exploiti-44318107,5,Lazarus Group,G0032,39,"T1033, T1041, T1046, T1047, T1049, T1053.005, T1057, T1059.001, T1059.003, T1098, T1203, T1562.001, T1564.001","T1027.007, T1027.009, T1027.013, T1036.003, T1036.004, T1036.005, T1055.001, T1059.005, T1547.001, T1547.009, T1562.004, T1574.001, T1574.013"
CISA-aa23-347a-russian-foreign-intelligence-service-svr-exploiti-44318107,6,APT41,G0096,39,"T1003.001, T1003.002, T1033, T1046, T1047, T1049, T1053.005, T1055, T1059.001, T1059.003, T1190, T1203, T1555.003","T1003.003, T1027, T1027.002, T1036.004, T1036.005, T1059.004, T1098.007, T1547.001, T1555, T1562.006, T1568.002, T1574.001, T1574.006"
CISA-aa23-347a-russian-foreign-intelligence-service-svr-exploiti-44318107,7,Threat Group-3390,G0027,36,"T1003.001, T1003.002, T1033, T1046, T1047, T1049, T1059.001, T1059.003, T1068, T1190, T1203, T1210","T1003.004, T1027.002, T1027.013, T1027.015, T1053.002, T1055.012, T1505.003, T1547.001, T1555.005, T1562.002, T1567.002, T1574.001"
CISA-aa23-347a-russian-foreign-intelligence-service-svr-exploiti-44318107,8,Volt Typhoon,G1017,35,"T1003.001, T1033, T1046, T1047, T1049, T1057, T1059.001, T1059.003, T1068, T1190, T1555.003, T1590, T1590.004","T1003.003, T1027.002, T1036.005, T1036.008, T1059.004, T1505.003, T1555, T1590.006, T1592"
CISA-aa23-347a-russian-foreign-intelligence-service-svr-exploiti-44318107,9,Kimsuky,G0094,35,"T1003.001, T1041, T1053.005, T1055, T1057, T1059.001, T1059.003, T1190, T1555.003, T1562.001","T1027, T1027.002, T1036.004, T1036.005, T1055.012, T1059.005, T1059.006, T1059.007, T1098.007, T1505.003, T1547.001, T1562.004, T1564.002, T1564.003, T1567.002"
CISA-aa23-347a-russian-foreign-intelligence-service-svr-exploiti-44318107,10,FIN13,G1016,34,"T1003.001, T1003.002, T1036, T1046, T1047, T1049, T1053.005, T1059.001, T1059.003, T1190, T1564.001, T1572, T1590.004","T1003.003, T1036.004, T1036.005, T1059.005, T1098.007, T1505.003, T1547.001, T1574.001"
Cyble-OperationShadowCat-Targeting-Indian-Political-Observers-07-0b7549d2,1,Lazarus Group,G0032,30,"T1059.001, T1070.004, T1071.001, T1082, T1106, T1140, T1204.002, T1566.001","T1027.007, T1027.009, T1027.013, T1036.003, T1036.004, T1036.005, T1055.001, T1059.003, T1059.005, T1070, T1070.003, T1070.006, T1566.002, T1566.003"
Cyble-OperationShadowCat-Targeting-Indian-Political-Observers-07-0b7549d2,2,Kimsuky,G0094,30,"T1059.001, T1070.004, T1071.001, T1082, T1140, T1204.002, T1566.001","T1027, T1027.002, T1036.004, T1036.005, T1055, T1055.012, T1059.003, T1059.005, T1059.006, T1059.007, T1070.006, T1071.002, T1071.003, T1204.001, T1566, T1566.002"
Cyble-OperationShadowCat-Targeting-Indian-Political-Observers-07-0b7549d2,3,APT32,G0050,30,"T1059.001, T1070.004, T1071.001, T1082, T1204.002, T1566.001","T1027.010, T1027.011, T1027.013, T1027.016, T1036, T1036.003, T1036.004, T1036.005, T1055, T1059, T1059.003, T1059.005, T1059.007, T1070.001, T1070.006, T1071.003, T1204.001, T1566.002"
Cyble-OperationShadowCat-Targeting-Indian-Political-Observers-07-0b7549d2,4,APT38,G0082,25,"T1059.001, T1070.004, T1071.001, T1082, T1106, T1140, T1204.002, T1566.001","T1027.002, T1036.003, T1036.006, T1055, T1059.003, T1059.005, T1070.001, T1070.006, T1204.001"
Cyble-OperationShadowCat-Targeting-Indian-Political-Observers-07-0b7549d2,5,OilRig,G0049,25,"T1059.001, T1070.004, T1071.001, T1082, T1140, T1204.002, T1566.001","T1027.005, T1027.013, T1036, T1036.005, T1059, T1059.003, T1059.005, T1071.004, T1204.001, T1566.002, T1566.003"
Cyble-OperationShadowCat-Targeting-Indian-Political-Observers-07-0b7549d2,6,Gamaredon Group,G0047,24,"T1059.001, T1070.004, T1071.001, T1082, T1106, T1140, T1204.002, T1566.001","T1027, T1027.004, T1027.010, T1027.016, T1036.005, T1059.003, T1059.005, T1204.001"
Cyble-OperationShadowCat-Targeting-Indian-Political-Observers-07-0b7549d2,7,Sandworm Team,G0034,23,"T1059.001, T1070.004, T1071.001, T1082, T1106, T1140, T1204.002, T1566.001","T1027, T1027.010, T1036, T1036.005, T1059.005, T1204.001, T1566.002"
Cyble-OperationShadowCat-Targeting-Indian-Political-Observers-07-0b7549d2,8,MuddyWater,G0069,23,"T1027.003, T1059.001, T1071.001, T1082, T1140, T1204.002, T1566.001","T1027.004, T1027.010, T1036.005, T1059.003, T1059.005, T1059.006, T1059.007, T1204.001, T1566.002"
Cyble-OperationShadowCat-Targeting-Indian-Political-Observers-07-0b7549d2,9,Turla,G0010,23,"T1059.001, T1071.001, T1082, T1106, T1140","T1027.005, T1027.010, T1027.011, T1036.005, T1055, T1055.001, T1059.003, T1059.005, T1059.006, T1059.007, T1071.003, T1204.001, T1566.002"
Cyble-OperationShadowCat-Targeting-Indian-Political-Observers-07-0b7549d2,10,APT39,G0087,22,"T1059.001, T1070.004, T1071.001, T1140, T1204.002, T1566.001","T1027.002, T1027.013, T1036.005, T1059, T1059.005, T1059.006, T1059.010, T1071.004, T1204.001, T1566.002"
Eclecticiq-MustangPandaAPT-EUThemed-Lure-PlugX-02-02-2023-f9dc4784,1,Lazarus Group,G0032,16,"T1132.001, T1140, T1547.001, T1573.001, T1574.001","T1036.003, T1036.004, T1036.005, T1204.002, T1547.009, T1574.013"
Eclecticiq-MustangPandaAPT-EUThemed-Lure-PlugX-02-02-2023-f9dc4784,2,BRONZE BUTLER,G0060,14,"T1132.001, T1140, T1547.001, T1573.001, T1574.001","T1036, T1036.002, T1036.005, T1204.002"
Eclecticiq-MustangPandaAPT-EUThemed-Lure-PlugX-02-02-2023-f9dc4784,3,MuddyWater,G0069,13,"T1132.001, T1140, T1547.001, T1573.001, T1574.001","T1036.005, T1204.001, T1204.002"
Eclecticiq-MustangPandaAPT-EUThemed-Lure-PlugX-02-02-2023-f9dc4784,4,Tropic Trooper,G0081,13,"T1132.001, T1140, T1547.001, T1574.001","T1036.005, T1204.002, T1547.004, T1573, T1573.002"
Eclecticiq-MustangPandaAPT-EUThemed-Lure-PlugX-02-02-2023-f9dc4784,5,Mustang Panda,G0129,11,"T1036.007, T1547.001, T1573.001, T1574.001","T1036.005, T1204.001, T1204.002"
Eclecticiq-MustangPandaAPT-EUThemed-Lure-PlugX-02-02-2023-f9dc4784,6,Higaisa,G0126,10,"T1140, T1547.001, T1573.001, T1574.001","T1036.004, T1204.002"
Eclecticiq-MustangPandaAPT-EUThemed-Lure-PlugX-02-02-2023-f9dc4784,7,APT28,G0007,10,"T1140, T1547.001, T1573.001","T1036, T1036.005, T1204.001, T1204.002"
Eclecticiq-MustangPandaAPT-EUThemed-Lure-PlugX-02-02-2023-f9dc4784,8,Storm-1811,G1046,10,"T1140, T1547.001, T1574.001","T1036, T1036.005, T1036.010, T1204.002"
Eclecticiq-MustangPandaAPT-EUThemed-Lure-PlugX-02-02-2023-f9dc4784,9,APT32,G0050,10,"T1547.001, T1574.001","T1036, T1036.003, T1036.004, T1036.005, T1204.001, T1204.002"
Eclecticiq-MustangPandaAPT-EUThemed-Lure-PlugX-02-02-2023-f9dc4784,10,APT19,G0073,9,"T1132.001, T1140, T1547.001, T1574.001",T1204.002
ESET-MQsTTang-MustangPandas-backdoor-Qt-MQTT-03-02-2023-a315b44b,1,Kimsuky,G0094,35,"T1036.004, T1036.005, T1041, T1102.002, T1204.002, T1547.001, T1566.002, T1583.004, T1587.001, T1588.002, T1608.001","T1071.001, T1071.002, T1071.003, T1102.001, T1204.001, T1566, T1566.001, T1583, T1583.001, T1583.006, T1587, T1588.003, T1588.005"
ESET-MQsTTang-MustangPandas-backdoor-Qt-MQTT-03-02-2023-a315b44b,2,Lazarus Group,G0032,32,"T1036.004, T1036.005, T1041, T1102.002, T1106, T1132.001, T1204.002, T1547.001, T1566.002, T1573.001, T1587.001, T1588.002","T1036.003, T1071.001, T1547.009, T1566.001, T1566.003, T1583.001, T1583.006, T1588.004"
ESET-MQsTTang-MustangPandas-backdoor-Qt-MQTT-03-02-2023-a315b44b,3,Sandworm Team,G0034,29,"T1036.005, T1041, T1102.002, T1106, T1132.001, T1204.002, T1566.002, T1583.004, T1587.001, T1588.002, T1608.001","T1036, T1071.001, T1204.001, T1566.001, T1583, T1583.001, T1588.006"
ESET-MQsTTang-MustangPandas-backdoor-Qt-MQTT-03-02-2023-a315b44b,4,APT32,G0050,26,"T1036.004, T1036.005, T1041, T1204.002, T1547.001, T1566.002, T1588.002, T1608.001","T1036, T1036.003, T1071.001, T1071.003, T1102, T1204.001, T1566.001, T1583.001, T1583.006, T1608.004"
ESET-MQsTTang-MustangPandas-backdoor-Qt-MQTT-03-02-2023-a315b44b,5,FIN7,G0046,24,"T1036.004, T1036.005, T1102.002, T1204.002, T1547.001, T1566.002, T1587.001, T1588.002, T1608.001","T1071.004, T1204.001, T1566.001, T1583.001, T1583.006, T1608.004"
ESET-MQsTTang-MustangPandas-backdoor-Qt-MQTT-03-02-2023-a315b44b,6,Gamaredon Group,G0047,24,"T1036.005, T1041, T1106, T1204.002, T1480, T1547.001, T1583.003, T1588.002, T1608.001","T1071.001, T1102, T1102.003, T1204.001, T1566.001, T1583.001"
ESET-MQsTTang-MustangPandas-backdoor-Qt-MQTT-03-02-2023-a315b44b,7,Magic Hound,G0059,23,"T1036.004, T1036.005, T1071, T1102.002, T1204.002, T1547.001, T1566.002, T1588.002","T1036.010, T1071.001, T1204.001, T1566.003, T1573, T1583.001, T1583.006"
ESET-MQsTTang-MustangPandas-backdoor-Qt-MQTT-03-02-2023-a315b44b,8,MuddyWater,G0069,22,"T1036.005, T1041, T1102.002, T1132.001, T1204.002, T1547.001, T1566.002, T1573.001, T1588.002","T1071.001, T1204.001, T1566.001, T1583.006"
ESET-MQsTTang-MustangPandas-backdoor-Qt-MQTT-03-02-2023-a315b44b,9,Turla,G0010,21,"T1036.005, T1102.002, T1106, T1547.001, T1566.002, T1587.001, T1588.002","T1071.001, T1071.003, T1102, T1204.001, T1547.004, T1583.006, T1588.001"
ESET-MQsTTang-MustangPandas-backdoor-Qt-MQTT-03-02-2023-a315b44b,10,APT28,G0007,21,"T1036.005, T1102.002, T1204.002, T1547.001, T1573.001, T1583.003, T1588.002","T1036, T1071.001, T1071.003, T1204.001, T1566.001, T1583.001, T1583.006"
ESET-OilRig-cloud-service-powered-downloaders-12-14-2023-1c9fb3d8,1,Lazarus Group,G0032,54,"T1008, T1033, T1036.005, T1041, T1059.003, T1070.004, T1074.001, T1082, T1102.002, T1105, T1106, T1132.001, T1140, T1202, T1560.003, T1573.001, T1583.001, T1583.006, T1585.002, T1587.001","T1027.007, T1027.009, T1027.013, T1036.003, T1036.004, T1059.001, T1059.005, T1070, T1070.003, T1070.006, T1560, T1560.002, T1564.001, T1585.001"
ESET-OilRig-cloud-service-powered-downloaders-12-14-2023-1c9fb3d8,2,Kimsuky,G0094,51,"T1027, T1036.005, T1041, T1059.003, T1070.004, T1074.001, T1082, T1102.002, T1105, T1140, T1560.003, T1564.003, T1567.002, T1583.001, T1583.004, T1583.006, T1585.002, T1587.001","T1027.002, T1036.004, T1059.001, T1059.005, T1059.006, T1059.007, T1070.006, T1102.001, T1560.001, T1564.002, T1583, T1585, T1585.001, T1587, T1608.001"
ESET-OilRig-cloud-service-powered-downloaders-12-14-2023-1c9fb3d8,3,APT32,G0050,40,"T1033, T1036.005, T1041, T1059.003, T1070.004, T1082, T1105, T1564.003, T1583.001, T1583.006","T1027.010, T1027.011, T1027.013, T1027.016, T1036, T1036.003, T1036.004, T1059, T1059.001, T1059.005, T1059.007, T1070.001, T1070.006, T1102, T1560, T1564.001, T1564.004, T1585.001, T1608.001, T1608.004"
ESET-OilRig-cloud-service-powered-downloaders-12-14-2023-1c9fb3d8,4,Sandworm Team,G0034,37,"T1027, T1033, T1036.005, T1041, T1070.004, T1082, T1102.002, T1105, T1106, T1132.001, T1140, T1583.001, T1583.004, T1585.002, T1587.001","T1027.010, T1036, T1059.001, T1059.005, T1583, T1585.001, T1608.001"
ESET-OilRig-cloud-service-powered-downloaders-12-14-2023-1c9fb3d8,5,Gamaredon Group,G0047,37,"T1020, T1027, T1033, T1036.005, T1041, T1059.003, T1070.004, T1082, T1105, T1106, T1140, T1480, T1564.003, T1583.001","T1027.004, T1027.010, T1027.016, T1059.001, T1059.005, T1102, T1102.003, T1583.003, T1608.001"
ESET-OilRig-cloud-service-powered-downloaders-12-14-2023-1c9fb3d8,6,APT28,G0007,34,"T1036.005, T1059.003, T1070.004, T1074.001, T1102.002, T1105, T1140, T1564.003, T1567, T1573.001, T1583.001, T1583.006","T1027.013, T1036, T1059.001, T1070.001, T1070.006, T1074.002, T1560, T1560.001, T1564.001, T1583.003"
ESET-OilRig-cloud-service-powered-downloaders-12-14-2023-1c9fb3d8,7,Magic Hound,G0059,34,"T1033, T1036.005, T1059.003, T1070.004, T1082, T1102.002, T1105, T1564.003, T1567, T1583.001, T1583.006, T1585.002","T1027.010, T1027.013, T1036.004, T1036.010, T1059.001, T1059.005, T1070.003, T1560.001, T1573, T1585.001"
ESET-OilRig-cloud-service-powered-downloaders-12-14-2023-1c9fb3d8,8,MuddyWater,G0069,32,"T1033, T1036.005, T1041, T1059.003, T1074.001, T1082, T1102.002, T1105, T1132.001, T1140, T1573.001, T1583.006","T1027.003, T1027.004, T1027.010, T1059.001, T1059.005, T1059.006, T1059.007, T1560.001"
ESET-OilRig-cloud-service-powered-downloaders-12-14-2023-1c9fb3d8,9,Mustang Panda,G0129,32,"T1027, T1036.005, T1059.003, T1070.004, T1074.001, T1082, T1105, T1560.003, T1573.001, T1583.001, T1585.002, T1608","T1027.016, T1036.007, T1059.001, T1059.005, T1102, T1560.001, T1564.001, T1608.001"
ESET-OilRig-cloud-service-powered-downloaders-12-14-2023-1c9fb3d8,10,Turla,G0010,30,"T1036.005, T1059.003, T1082, T1102.002, T1105, T1106, T1140, T1567.002, T1583.006, T1587.001","T1027.005, T1027.010, T1027.011, T1059.001, T1059.005, T1059.006, T1059.007, T1102, T1560.001, T1564.012"
ESET-Tick-APT-compromise-DLP-developer-East-Asia-03-14-2023-23219da0,1,Lazarus Group,G0032,35,"T1033, T1036.004, T1036.005, T1041, T1057, T1059.005, T1071.001, T1082, T1124, T1132.001, T1543.003, T1547.001","T1027.007, T1027.009, T1027.013, T1036.003, T1055.001, T1059.001, T1059.003, T1547.009, T1573.001, T1574.001, T1574.013"
ESET-Tick-APT-compromise-DLP-developer-East-Asia-03-14-2023-23219da0,2,Kimsuky,G0094,34,"T1027, T1036.004, T1036.005, T1041, T1057, T1059.005, T1059.006, T1071.001, T1082, T1113, T1543.003, T1547.001, T1567.002","T1027.002, T1055, T1055.012, T1059.001, T1059.003, T1059.007, T1071.002, T1071.003"
ESET-Tick-APT-compromise-DLP-developer-East-Asia-03-14-2023-23219da0,3,APT32,G0050,33,"T1033, T1036.004, T1036.005, T1041, T1059.005, T1071.001, T1082, T1135, T1543.003, T1547.001","T1027.010, T1027.011, T1027.013, T1027.016, T1036, T1036.003, T1055, T1059, T1059.001, T1059.003, T1059.007, T1071.003, T1574.001"
ESET-Tick-APT-compromise-DLP-developer-East-Asia-03-14-2023-23219da0,4,Gamaredon Group,G0047,31,"T1027, T1033, T1036.005, T1039, T1041, T1057, T1059.005, T1071.001, T1080, T1082, T1113, T1120, T1547.001","T1027.004, T1027.010, T1027.016, T1059.001, T1059.003"
ESET-Tick-APT-compromise-DLP-developer-East-Asia-03-14-2023-23219da0,5,MuddyWater,G0069,30,"T1033, T1036.005, T1041, T1057, T1059.005, T1059.006, T1071.001, T1082, T1113, T1132.001, T1547.001","T1027.003, T1027.004, T1027.010, T1059.001, T1059.003, T1059.007, T1573.001, T1574.001"
ESET-Tick-APT-compromise-DLP-developer-East-Asia-03-14-2023-23219da0,6,Turla,G0010,30,"T1036.005, T1057, T1059.005, T1059.006, T1071.001, T1082, T1120, T1124, T1547.001, T1567.002","T1027.005, T1027.010, T1027.011, T1055, T1055.001, T1059.001, T1059.003, T1059.007, T1071.003, T1547.004"
ESET-Tick-APT-compromise-DLP-developer-East-Asia-03-14-2023-23219da0,7,BRONZE BUTLER,G0060,29,"T1027.001, T1036.005, T1039, T1059.005, T1059.006, T1071.001, T1080, T1113, T1124, T1132.001, T1547.001","T1027.003, T1036, T1036.002, T1059.001, T1059.003, T1573.001, T1574.001"
ESET-Tick-APT-compromise-DLP-developer-East-Asia-03-14-2023-23219da0,8,APT41,G0096,29,"T1027, T1033, T1036.004, T1036.005, T1071.001, T1082, T1135, T1195.002, T1543.003, T1547.001","T1027.002, T1055, T1059.001, T1059.003, T1059.004, T1071.002, T1071.004, T1574.001, T1574.006"
ESET-Tick-APT-compromise-DLP-developer-East-Asia-03-14-2023-23219da0,9,Tropic Trooper,G0081,28,"T1033, T1036.005, T1057, T1071.001, T1082, T1132.001, T1135, T1543.003, T1547.001, T1573","T1027.003, T1027.013, T1055.001, T1059.003, T1071.004, T1547.004, T1573.002, T1574.001"
ESET-Tick-APT-compromise-DLP-developer-East-Asia-03-14-2023-23219da0,10,Magic Hound,G0059,27,"T1033, T1036.004, T1036.005, T1057, T1059.005, T1071.001, T1082, T1113, T1547.001, T1573","T1027.010, T1027.013, T1036.010, T1059.001, T1059.003, T1071, T1567"
ESET-WinorDLL64-Lazarus-arsenal-02-23-2023-29308a37,1,Lazarus Group,G0032,35,"T1005, T1012, T1016, T1033, T1049, T1057, T1059.001, T1070.004, T1082, T1083, T1106, T1134.002, T1560.002, T1587.001","T1059.003, T1059.005, T1070, T1070.003, T1070.006, T1560, T1560.003"
ESET-WinorDLL64-Lazarus-arsenal-02-23-2023-29308a37,2,Volt Typhoon,G1017,33,"T1005, T1012, T1016, T1033, T1049, T1057, T1059.001, T1070.004, T1082, T1083, T1087.001, T1087.002, T1614","T1016.001, T1059.003, T1059.004, T1070.001, T1070.007, T1560.001, T1587.004"
ESET-WinorDLL64-Lazarus-arsenal-02-23-2023-29308a37,3,Turla,G0010,32,"T1005, T1012, T1016, T1049, T1057, T1059.001, T1082, T1083, T1087.001, T1087.002, T1106, T1134.002, T1587.001","T1016.001, T1059.003, T1059.005, T1059.006, T1059.007, T1560.001"
ESET-WinorDLL64-Lazarus-arsenal-02-23-2023-29308a37,4,Chimera,G0114,30,"T1012, T1016, T1033, T1049, T1057, T1059.001, T1070.004, T1082, T1083, T1087.001, T1087.002, T1106, T1135","T1059.003, T1070.001, T1070.006, T1560.001"
ESET-WinorDLL64-Lazarus-arsenal-02-23-2023-29308a37,5,APT41,G0096,29,"T1005, T1012, T1016, T1033, T1049, T1059.001, T1070.004, T1082, T1083, T1087.001, T1087.002, T1135","T1059.003, T1059.004, T1070.001, T1070.003, T1560.001"
ESET-WinorDLL64-Lazarus-arsenal-02-23-2023-29308a37,6,OilRig,G0049,27,"T1005, T1012, T1016, T1033, T1049, T1057, T1059.001, T1070.004, T1082, T1087.001, T1087.002, T1587.001","T1059, T1059.003, T1059.005"
ESET-WinorDLL64-Lazarus-arsenal-02-23-2023-29308a37,7,APT32,G0050,27,"T1012, T1016, T1033, T1049, T1059.001, T1070.004, T1082, T1083, T1087.001, T1135","T1059, T1059.003, T1059.005, T1059.007, T1070.001, T1070.006, T1560"
ESET-WinorDLL64-Lazarus-arsenal-02-23-2023-29308a37,8,Ke3chang,G0004,26,"T1005, T1016, T1033, T1049, T1057, T1082, T1083, T1087.001, T1087.002, T1587.001, T1614.001","T1059, T1059.003, T1560, T1560.001"
ESET-WinorDLL64-Lazarus-arsenal-02-23-2023-29308a37,9,Kimsuky,G0094,26,"T1005, T1012, T1016, T1057, T1059.001, T1070.004, T1082, T1083, T1587.001","T1059.003, T1059.005, T1059.006, T1059.007, T1070.006, T1560.001, T1560.003, T1587"
ESET-WinorDLL64-Lazarus-arsenal-02-23-2023-29308a37,10,Magic Hound,G0059,25,"T1005, T1016, T1033, T1049, T1057, T1059.001, T1070.004, T1082, T1083","T1016.001, T1016.002, T1059.003, T1059.005, T1070.003, T1087.003, T1560.001"
Kaspersky-cascade-of-compromise-unveiling-Lazarus-new-campaign-1-d88076ab,1,MuddyWater,G0069,28,"T1003.001, T1041, T1057, T1071.001, T1082, T1083, T1113, T1140, T1203, T1573.001","T1003.004, T1003.005, T1027.003, T1027.004, T1027.010, T1132.001, T1547.001, T1574.001"
Kaspersky-cascade-of-compromise-unveiling-Lazarus-new-campaign-1-d88076ab,2,Lazarus Group,G0032,28,"T1041, T1057, T1071.001, T1082, T1083, T1140, T1189, T1203, T1573.001, T1620","T1027.007, T1027.009, T1027.013, T1132.001, T1547.001, T1547.009, T1574.001, T1574.013"
Kaspersky-cascade-of-compromise-unveiling-Lazarus-new-campaign-1-d88076ab,3,Kimsuky,G0094,24,"T1003.001, T1027.002, T1041, T1057, T1071.001, T1082, T1083, T1113, T1140, T1620","T1027, T1071.002, T1071.003, T1547.001"
Kaspersky-cascade-of-compromise-unveiling-Lazarus-new-campaign-1-d88076ab,4,APT28,G0007,23,"T1003.001, T1057, T1071.001, T1083, T1113, T1140, T1189, T1203, T1573.001","T1003, T1003.003, T1027.013, T1071.003, T1547.001"
Kaspersky-cascade-of-compromise-unveiling-Lazarus-new-campaign-1-d88076ab,5,BRONZE BUTLER,G0060,22,"T1003.001, T1027.001, T1071.001, T1083, T1113, T1140, T1189, T1203, T1573.001","T1027.003, T1132.001, T1547.001, T1574.001"
Kaspersky-cascade-of-compromise-unveiling-Lazarus-new-campaign-1-d88076ab,6,APT32,G0050,22,"T1003.001, T1041, T1071.001, T1082, T1083, T1189, T1203","T1003, T1027.010, T1027.011, T1027.013, T1027.016, T1071.003, T1547.001, T1574.001"
Kaspersky-cascade-of-compromise-unveiling-Lazarus-new-campaign-1-d88076ab,7,Tropic Trooper,G0081,21,"T1057, T1071.001, T1082, T1083, T1140, T1203","T1027.003, T1027.013, T1071.004, T1132.001, T1547.001, T1547.004, T1573, T1573.002, T1574.001"
Kaspersky-cascade-of-compromise-unveiling-Lazarus-new-campaign-1-d88076ab,8,Higaisa,G0126,20,"T1027.001, T1041, T1057, T1071.001, T1082, T1140, T1203, T1573.001","T1027.013, T1027.015, T1547.001, T1574.001"
Kaspersky-cascade-of-compromise-unveiling-Lazarus-new-campaign-1-d88076ab,9,OilRig,G0049,20,"T1003.001, T1057, T1071.001, T1082, T1113, T1140, T1203","T1003.004, T1003.005, T1027.005, T1027.013, T1071.004, T1573.002"
Kaspersky-cascade-of-compromise-unveiling-Lazarus-new-campaign-1-d88076ab,10,Ke3chang,G0004,20,"T1003.001, T1041, T1057, T1071.001, T1082, T1083, T1140","T1003.002, T1003.003, T1003.004, T1027, T1071.004, T1547.001"
Kaspersky-Modern-Asian-APT-groups-TTPs-report-eng-11-09-2023-ab3211cc,1,APT41,G0096,100,"T1003.001, T1003.002, T1003.003, T1005, T1012, T1016, T1018, T1021.002, T1027, T1033, T1036.004, T1036.005, T1046, T1047, T1049, T1053.005, T1055, T1059.001, T1059.003, T1069, T1070.001, T1070.004, T1071.001, T1078, T1082, T1083, T1087.001, T1087.002, T1105, T1112, T1135, T1190, T1197, T1486, T1543.003, T1546.008, T1550.002, T1555, T1555.003, T1560.001, T1566.001, T1569.002, T1570, T1574.001","T1021.001, T1027.002, T1059.004, T1070.003, T1071.002, T1071.004, T1098.007, T1102.001, T1136.001, T1496.001, T1562.006, T1574.006"
Kaspersky-Modern-Asian-APT-groups-TTPs-report-eng-11-09-2023-ab3211cc,2,APT32,G0050,96,"T1003, T1003.001, T1012, T1016, T1018, T1021.002, T1033, T1036, T1036.004, T1036.005, T1041, T1046, T1047, T1049, T1053.005, T1055, T1059, T1059.001, T1059.003, T1070.001, T1070.004, T1071.001, T1082, T1083, T1087.001, T1102, T1105, T1112, T1135, T1204.002, T1505.003, T1543.003, T1550.002, T1560, T1564.003, T1566.001, T1569.002, T1570, T1571, T1574.001","T1027.010, T1027.011, T1027.013, T1027.016, T1036.003, T1059.005, T1059.007, T1070.006, T1071.003, T1078.003, T1204.001, T1550.003, T1552.002, T1564.001, T1564.004, T1566.002"
Kaspersky-Modern-Asian-APT-groups-TTPs-report-eng-11-09-2023-ab3211cc,3,Magic Hound,G0059,92,"T1003.001, T1005, T1016, T1016.001, T1018, T1033, T1036.004, T1036.005, T1046, T1047, T1049, T1053.005, T1057, T1059.001, T1059.003, T1070.004, T1071, T1071.001, T1078.002, T1082, T1083, T1087.003, T1102.002, T1105, T1112, T1190, T1204.002, T1482, T1486, T1505.003, T1560.001, T1562, T1562.001, T1564.003, T1567, T1570, T1571, T1572","T1016.002, T1021.001, T1027.010, T1027.013, T1036.010, T1059.005, T1070.003, T1078.001, T1098.002, T1098.007, T1136.001, T1204.001, T1562.002, T1562.004, T1566.002, T1566.003"
Kaspersky-Modern-Asian-APT-groups-TTPs-report-eng-11-09-2023-ab3211cc,4,Kimsuky,G0094,90,"T1003.001, T1005, T1007, T1012, T1016, T1027, T1036.004, T1036.005, T1041, T1053.005, T1055, T1055.012, T1057, T1059.001, T1059.003, T1070.004, T1071.001, T1082, T1083, T1102.002, T1105, T1112, T1190, T1204.002, T1505.003, T1518.001, T1543.003, T1550.002, T1552.001, T1555.003, T1560.001, T1562.001, T1564.003, T1566, T1566.001, T1567.002","T1021.001, T1027.002, T1059.005, T1059.006, T1059.007, T1070.006, T1071.002, T1071.003, T1078.003, T1098.007, T1102.001, T1136.001, T1204.001, T1546.001, T1560.003, T1562.004, T1564.002, T1566.002"
Kaspersky-Modern-Asian-APT-groups-TTPs-report-eng-11-09-2023-ab3211cc,5,Wizard Spider,G0102,89,"T1003.001, T1003.002, T1003.003, T1005, T1016, T1018, T1021, T1021.002, T1033, T1036.004, T1041, T1047, T1053.005, T1055, T1055.001, T1059.001, T1059.003, T1070.004, T1071.001, T1078, T1078.002, T1082, T1087.002, T1105, T1112, T1135, T1136.002, T1197, T1204.002, T1489, T1518, T1518.001, T1543.003, T1550.002, T1552.006, T1560.001, T1562.001, T1566.001, T1567.002, T1569.002, T1570","T1021.001, T1021.006, T1027.010, T1136.001, T1204.001, T1555.004, T1566.002"
Kaspersky-Modern-Asian-APT-groups-TTPs-report-eng-11-09-2023-ab3211cc,6,OilRig,G0049,86,"T1003.001, T1003.004, T1003.005, T1005, T1007, T1012, T1016, T1033, T1036, T1036.005, T1046, T1047, T1049, T1053.005, T1057, T1059, T1059.001, T1059.003, T1069.002, T1070.004, T1071.001, T1078, T1078.002, T1082, T1087.001, T1087.002, T1105, T1112, T1119, T1204.002, T1505.003, T1543.003, T1552.001, T1555, T1555.003, T1566.001, T1572","T1021.001, T1021.004, T1027.005, T1027.013, T1059.005, T1069.001, T1071.004, T1204.001, T1555.004, T1562.004, T1566.002, T1566.003"
Kaspersky-Modern-Asian-APT-groups-TTPs-report-eng-11-09-2023-ab3211cc,7,Lazarus Group,G0032,86,"T1005, T1012, T1016, T1021.002, T1033, T1036.004, T1036.005, T1041, T1046, T1047, T1049, T1053.005, T1055.001, T1057, T1059.001, T1059.003, T1070, T1070.004, T1071.001, T1078, T1082, T1083, T1098, T1102.002, T1105, T1106, T1124, T1204.002, T1489, T1543.003, T1560, T1562.001, T1566.001, T1571, T1574.001","T1021.001, T1021.004, T1027.007, T1027.009, T1027.013, T1036.003, T1059.005, T1070.003, T1070.006, T1560.002, T1560.003, T1562.004, T1564.001, T1566.002, T1566.003, T1574.013"
Kaspersky-Modern-Asian-APT-groups-TTPs-report-eng-11-09-2023-ab3211cc,8,Chimera,G0114,82,"T1003.003, T1007, T1012, T1016, T1018, T1021.002, T1033, T1036.005, T1041, T1046, T1047, T1049, T1053.005, T1057, T1059.001, T1059.003, T1070.001, T1070.004, T1071.001, T1078, T1078.002, T1082, T1083, T1087.001, T1087.002, T1105, T1106, T1119, T1124, T1135, T1482, T1550.002, T1560.001, T1567.002, T1569.002, T1570, T1572, T1574.001","T1021.001, T1021.006, T1027.010, T1069.001, T1070.006, T1071.004"
Kaspersky-Modern-Asian-APT-groups-TTPs-report-eng-11-09-2023-ab3211cc,9,Volt Typhoon,G1017,81,"T1003.001, T1003.003, T1005, T1007, T1012, T1016, T1016.001, T1018, T1033, T1036.005, T1046, T1047, T1049, T1057, T1059.001, T1059.003, T1069, T1069.002, T1070.001, T1070.004, T1078, T1078.002, T1082, T1083, T1087.001, T1087.002, T1105, T1112, T1124, T1190, T1505.003, T1518, T1552, T1555, T1555.003, T1560.001, T1570","T1021.001, T1027.002, T1036.008, T1059.004, T1069.001, T1070.007, T1552.004"
Kaspersky-Modern-Asian-APT-groups-TTPs-report-eng-11-09-2023-ab3211cc,10,Turla,G0010,80,"T1005, T1007, T1012, T1016, T1016.001, T1018, T1021.002, T1036.005, T1049, T1055, T1055.001, T1057, T1059.001, T1059.003, T1069.002, T1071.001, T1082, T1083, T1087.001, T1087.002, T1102, T1102.002, T1105, T1106, T1112, T1124, T1518.001, T1546.003, T1560.001, T1562.001, T1567.002, T1570, T1615","T1027.005, T1027.010, T1027.011, T1059.005, T1059.006, T1059.007, T1069.001, T1071.003, T1078.003, T1204.001, T1546.013, T1555.004, T1564.012, T1566.002"
Mandiant-Fortinet-Zero-Day-Suspected-Chinese-Operation-03-16-202-d4d5053d,1,Lazarus Group,G0032,54,"T1016, T1021.004, T1033, T1057, T1059.001, T1059.003, T1070, T1070.003, T1070.004, T1074.001, T1078, T1082, T1083, T1105, T1140, T1202, T1218.011, T1560, T1571, T1573.001, T1620","T1021.001, T1021.002, T1027.007, T1027.009, T1027.013, T1059.005, T1070.006, T1102.002, T1218, T1218.005, T1560.002, T1560.003"
Mandiant-Fortinet-Zero-Day-Suspected-Chinese-Operation-03-16-202-d4d5053d,2,Volt Typhoon,G1017,49,"T1016, T1033, T1057, T1059.001, T1059.003, T1059.004, T1070.004, T1074.001, T1078, T1082, T1083, T1105, T1140, T1497.001, T1518, T1552, T1560.001, T1573.001","T1016.001, T1021.001, T1027.002, T1070.001, T1070.007, T1074, T1078.002, T1087.001, T1087.002, T1218, T1552.004, T1555, T1555.003"
Mandiant-Fortinet-Zero-Day-Suspected-Chinese-Operation-03-16-202-d4d5053d,3,Kimsuky,G0094,45,"T1016, T1027, T1057, T1059.001, T1059.003, T1059.006, T1070.004, T1074.001, T1082, T1083, T1102.001, T1105, T1140, T1218.011, T1560.001, T1620","T1021.001, T1027.002, T1059.005, T1059.007, T1070.006, T1078.003, T1102.002, T1218.005, T1218.010, T1518.001, T1552.001, T1555.003, T1560.003"
Mandiant-Fortinet-Zero-Day-Suspected-Chinese-Operation-03-16-202-d4d5053d,4,MuddyWater,G0069,43,"T1016, T1033, T1057, T1059.001, T1059.003, T1059.006, T1074.001, T1082, T1083, T1105, T1140, T1218.011, T1518, T1560.001, T1573.001","T1027.003, T1027.004, T1027.010, T1059.005, T1059.007, T1087.002, T1102.002, T1218.003, T1218.005, T1518.001, T1552.001, T1555, T1555.003"
Mandiant-Fortinet-Zero-Day-Suspected-Chinese-Operation-03-16-202-d4d5053d,5,APT32,G0050,40,"T1016, T1033, T1059, T1059.001, T1059.003, T1070.004, T1082, T1083, T1105, T1218.011, T1560, T1571","T1021.002, T1027.010, T1027.011, T1027.013, T1027.016, T1059.005, T1059.007, T1070.001, T1070.006, T1078.003, T1087.001, T1102, T1218.005, T1218.010, T1222.002, T1552.002"
Mandiant-Fortinet-Zero-Day-Suspected-Chinese-Operation-03-16-202-d4d5053d,6,APT41,G0096,39,"T1016, T1027, T1033, T1059.001, T1059.003, T1059.004, T1070.003, T1070.004, T1078, T1082, T1083, T1102.001, T1105, T1218.011, T1560.001","T1021.001, T1021.002, T1027.002, T1070.001, T1087.001, T1087.002, T1218.001, T1555, T1555.003"
Mandiant-Fortinet-Zero-Day-Suspected-Chinese-Operation-03-16-202-d4d5053d,7,OilRig,G0049,39,"T1016, T1021.004, T1033, T1057, T1059, T1059.001, T1059.003, T1070.004, T1078, T1082, T1105, T1140, T1497.001","T1021.001, T1027.005, T1027.013, T1059.005, T1078.002, T1087.001, T1087.002, T1218.001, T1552.001, T1555, T1555.003, T1555.004, T1573.002"
Mandiant-Fortinet-Zero-Day-Suspected-Chinese-Operation-03-16-202-d4d5053d,8,Magic Hound,G0059,37,"T1016, T1033, T1057, T1059.001, T1059.003, T1070.003, T1070.004, T1082, T1083, T1105, T1218.011, T1560.001, T1571","T1016.001, T1016.002, T1021.001, T1027.010, T1027.013, T1059.005, T1078.001, T1078.002, T1087.003, T1102.002, T1573"
Mandiant-Fortinet-Zero-Day-Suspected-Chinese-Operation-03-16-202-d4d5053d,9,APT3,G0022,36,"T1016, T1027, T1033, T1057, T1059.001, T1059.003, T1070.004, T1074.001, T1082, T1083, T1095, T1105, T1218.011, T1560.001","T1021.001, T1021.002, T1027.002, T1027.005, T1078.002, T1087.001, T1552.001, T1555.003"
Mandiant-Fortinet-Zero-Day-Suspected-Chinese-Operation-03-16-202-d4d5053d,10,TeamTNT,G0139,36,"T1016, T1021.004, T1057, T1059.001, T1059.003, T1059.004, T1070.003, T1070.004, T1074.001, T1082, T1083, T1105, T1140","T1027.002, T1027.013, T1059.009, T1070.002, T1102, T1222.002, T1518.001, T1552.001, T1552.004, T1552.005"
PaloAlto-NewToolSet-Organizations-in-Middle-East-Africa-and-US-1-e16339ec,1,APT32,G0050,52,"T1003, T1018, T1036.005, T1041, T1046, T1047, T1053.005, T1059.001, T1059.003, T1070.004, T1070.006, T1112, T1505.003, T1570, T1583.001","T1003.001, T1021.002, T1027.010, T1027.011, T1027.013, T1027.016, T1036, T1036.003, T1036.004, T1059, T1059.005, T1059.007, T1070.001, T1071.001, T1071.003, T1078.003, T1087.001, T1560, T1564.001, T1564.003, T1564.004, T1583.006"
PaloAlto-NewToolSet-Organizations-in-Middle-East-Africa-and-US-1-e16339ec,2,Kimsuky,G0094,50,"T1036.005, T1041, T1053.005, T1059.001, T1059.003, T1070.004, T1070.006, T1112, T1140, T1505.003, T1560.001, T1564.002, T1583.001, T1587.001","T1003.001, T1021.001, T1027, T1027.002, T1036.004, T1059.005, T1059.006, T1059.007, T1071.001, T1071.002, T1071.003, T1074.001, T1078.003, T1114.002, T1114.003, T1136.001, T1560.003, T1564.003, T1583, T1583.004, T1583.006, T1587"
PaloAlto-NewToolSet-Organizations-in-Middle-East-Africa-and-US-1-e16339ec,3,Magic Hound,G0059,48,"T1018, T1036.005, T1046, T1047, T1053.005, T1059.001, T1059.003, T1070.004, T1078.002, T1112, T1114, T1505.003, T1560.001, T1570, T1583.001","T1003.001, T1021.001, T1027.010, T1027.013, T1036.004, T1036.010, T1059.005, T1070.003, T1071, T1071.001, T1078.001, T1087.003, T1114.001, T1114.002, T1136.001, T1564.003, T1573, T1583.006"
PaloAlto-NewToolSet-Organizations-in-Middle-East-Africa-and-US-1-e16339ec,4,Lazarus Group,G0032,48,"T1027.009, T1036.005, T1041, T1046, T1047, T1053.005, T1059.001, T1059.003, T1070.004, T1070.006, T1132.001, T1140, T1573.001, T1583.001, T1587.001","T1021.001, T1021.002, T1021.004, T1027.007, T1027.013, T1036.003, T1036.004, T1059.005, T1070, T1070.003, T1071.001, T1074.001, T1078, T1560, T1560.002, T1560.003, T1564.001, T1583.006"
PaloAlto-NewToolSet-Organizations-in-Middle-East-Africa-and-US-1-e16339ec,5,Volt Typhoon,G1017,45,"T1018, T1036.005, T1036.008, T1046, T1047, T1059.001, T1059.003, T1070.004, T1074, T1078.002, T1087.002, T1112, T1140, T1505.003, T1560.001, T1570, T1573.001","T1003.001, T1003.003, T1021.001, T1027.002, T1059.004, T1070.001, T1070.007, T1074.001, T1078, T1087.001, T1587.004"
PaloAlto-NewToolSet-Organizations-in-Middle-East-Africa-and-US-1-e16339ec,6,Chimera,G0114,45,"T1018, T1021.006, T1036.005, T1041, T1046, T1047, T1053.005, T1059.001, T1059.003, T1070.004, T1070.006, T1071.004, T1078.002, T1087.002, T1560.001, T1570","T1003.003, T1021.001, T1021.002, T1027.010, T1070.001, T1071.001, T1074.001, T1074.002, T1078, T1087.001, T1114.001, T1114.002, T1556.001"
PaloAlto-NewToolSet-Organizations-in-Middle-East-Africa-and-US-1-e16339ec,7,OilRig,G0049,45,"T1036.005, T1046, T1047, T1053.005, T1059.001, T1059.003, T1070.004, T1071.004, T1078.002, T1087.002, T1112, T1140, T1505.003, T1583.001, T1587.001","T1003.001, T1003.004, T1003.005, T1021.001, T1021.004, T1027.005, T1027.013, T1036, T1059, T1059.005, T1071.001, T1078, T1087.001, T1556.002, T1573.002"
PaloAlto-NewToolSet-Organizations-in-Middle-East-Africa-and-US-1-e16339ec,8,APT41,G0096,44,"T1018, T1030, T1036.005, T1046, T1047, T1053.005, T1059.001, T1059.003, T1070.004, T1071.004, T1087.002, T1112, T1560.001, T1570","T1003.001, T1003.002, T1003.003, T1021.001, T1021.002, T1027, T1027.002, T1036.004, T1059.004, T1070.001, T1070.003, T1071.001, T1071.002, T1078, T1087.001, T1136.001"
PaloAlto-NewToolSet-Organizations-in-Middle-East-Africa-and-US-1-e16339ec,9,Wizard Spider,G0102,42,"T1018, T1021.006, T1041, T1047, T1053.005, T1059.001, T1059.003, T1070.004, T1074, T1078.002, T1087.002, T1112, T1136.002, T1560.001, T1570","T1003.001, T1003.002, T1003.003, T1021, T1021.001, T1021.002, T1027.010, T1036.004, T1071.001, T1074.001, T1078, T1136.001"
PaloAlto-NewToolSet-Organizations-in-Middle-East-Africa-and-US-1-e16339ec,10,Sandworm Team,G0034,42,"T1018, T1036.005, T1041, T1047, T1053.005, T1059.001, T1070.004, T1078.002, T1087.002, T1132.001, T1140, T1505.003, T1570, T1583.001, T1587.001","T1003.001, T1003.003, T1021.002, T1027, T1027.010, T1036, T1059.005, T1071.001, T1078, T1087.003, T1583, T1583.004"
Trellix-PrimeMinisters-Details-Espionage-Campaign-01-25-2022-3593410f,1,Kimsuky,G0094,30,"T1059.001, T1102.002, T1136.001, T1566.001, T1583.001, T1587.001, T1588.002, T1620","T1059.003, T1059.005, T1059.006, T1059.007, T1102.001, T1546.001, T1566, T1566.002, T1583, T1583.004, T1583.006, T1587, T1588.003, T1588.005"
Trellix-PrimeMinisters-Details-Espionage-Campaign-01-25-2022-3593410f,2,Lazarus Group,G0032,26,"T1059.001, T1102.002, T1104, T1203, T1566.001, T1573.001, T1583.001, T1587.001, T1588.002, T1620","T1059.003, T1059.005, T1566.002, T1566.003, T1583.006, T1588.004"
Trellix-PrimeMinisters-Details-Espionage-Campaign-01-25-2022-3593410f,3,OilRig,G0049,20,"T1059.001, T1203, T1566.001, T1573.002, T1583.001, T1587.001, T1588.002","T1059, T1059.003, T1059.005, T1566.002, T1566.003, T1588.003"
Trellix-PrimeMinisters-Details-Espionage-Campaign-01-25-2022-3593410f,4,MuddyWater,G0069,20,"T1059.001, T1102.002, T1104, T1203, T1566.001, T1573.001, T1588.002","T1059.003, T1059.005, T1059.006, T1059.007, T1566.002, T1583.006"
Trellix-PrimeMinisters-Details-Espionage-Campaign-01-25-2022-3593410f,5,APT29,G0016,20,"T1059.001, T1203, T1566.001, T1587.001, T1588.002","T1059.006, T1059.009, T1136.003, T1546.003, T1546.008, T1566.002, T1566.003, T1573, T1583.006, T1587.003"
Trellix-PrimeMinisters-Details-Espionage-Campaign-01-25-2022-3593410f,6,APT28,G0007,19,"T1059.001, T1102.002, T1203, T1546.015, T1566.001, T1573.001, T1583.001, T1588.002","T1059.003, T1583.003, T1583.006"
Trellix-PrimeMinisters-Details-Espionage-Campaign-01-25-2022-3593410f,7,Sandworm Team,G0034,19,"T1059.001, T1102.002, T1203, T1566.001, T1583.001, T1587.001, T1588.002","T1059.005, T1566.002, T1583, T1583.004, T1588.006"
Trellix-PrimeMinisters-Details-Espionage-Campaign-01-25-2022-3593410f,8,FIN7,G0046,19,"T1059.001, T1102.002, T1566.001, T1583.001, T1587.001, T1588.002","T1059, T1059.003, T1059.005, T1059.007, T1546.011, T1566.002, T1583.006"
Trellix-PrimeMinisters-Details-Espionage-Campaign-01-25-2022-3593410f,9,Turla,G0010,18,"T1059.001, T1102.002, T1587.001, T1588.002","T1059.003, T1059.005, T1059.006, T1059.007, T1102, T1546.003, T1546.013, T1566.002, T1583.006, T1588.001"
Trellix-PrimeMinisters-Details-Espionage-Campaign-01-25-2022-3593410f,10,APT32,G0050,17,"T1059.001, T1203, T1566.001, T1583.001, T1588.002","T1059, T1059.003, T1059.005, T1059.007, T1102, T1566.002, T1583.006"
Zscaler-Molerats-APT-targeting-Middle-East-01-20-2022-ccd8bb80,1,Kimsuky,G0094,25,"T1005, T1059.001, T1082, T1083, T1113, T1140, T1204.002, T1566.001, T1567.002","T1059.003, T1059.005, T1059.006, T1059.007, T1204.001, T1566, T1566.002"
Zscaler-Molerats-APT-targeting-Middle-East-01-20-2022-ccd8bb80,2,OilRig,G0049,20,"T1005, T1059.001, T1082, T1113, T1140, T1204.002, T1566.001","T1059, T1059.003, T1059.005, T1204.001, T1566.002, T1566.003"
Zscaler-Molerats-APT-targeting-Middle-East-01-20-2022-ccd8bb80,3,APT39,G0087,20,"T1005, T1059.001, T1083, T1113, T1140, T1204.002, T1566.001","T1059, T1059.005, T1059.006, T1059.010, T1204.001, T1566.002"
Zscaler-Molerats-APT-targeting-Middle-East-01-20-2022-ccd8bb80,4,MuddyWater,G0069,20,"T1059.001, T1082, T1083, T1113, T1140, T1204.002, T1566.001","T1059.003, T1059.005, T1059.006, T1059.007, T1204.001, T1566.002"
Zscaler-Molerats-APT-targeting-Middle-East-01-20-2022-ccd8bb80,5,Gamaredon Group,G0047,19,"T1005, T1059.001, T1082, T1083, T1113, T1140, T1204.002, T1566.001","T1059.003, T1059.005, T1204.001"
Zscaler-Molerats-APT-targeting-Middle-East-01-20-2022-ccd8bb80,6,Lazarus Group,G0032,18,"T1005, T1059.001, T1082, T1083, T1140, T1204.002, T1566.001","T1059.003, T1059.005, T1566.002, T1566.003"
Zscaler-Molerats-APT-targeting-Middle-East-01-20-2022-ccd8bb80,7,FIN7,G0046,18,"T1005, T1059.001, T1113, T1204.002, T1566.001, T1567.002","T1059, T1059.003, T1059.005, T1059.007, T1204.001, T1566.002"
Zscaler-Molerats-APT-targeting-Middle-East-01-20-2022-ccd8bb80,8,Turla,G0010,18,"T1005, T1059.001, T1082, T1083, T1140, T1567.002","T1059.003, T1059.005, T1059.006, T1059.007, T1204.001, T1566.002"
Zscaler-Molerats-APT-targeting-Middle-East-01-20-2022-ccd8bb80,9,Magic Hound,G0059,18,"T1005, T1059.001, T1082, T1083, T1113, T1204.002","T1059.003, T1059.005, T1204.001, T1566.002, T1566.003, T1567"
Zscaler-Molerats-APT-targeting-Middle-East-01-20-2022-ccd8bb80,10,Sandworm Team,G0034,17,"T1005, T1059.001, T1082, T1083, T1140, T1204.002, T1566.001","T1059.005, T1204.001, T1566.002"
